<?xml version="1.0" encoding="UTF-8" standalone="yes"?>
<addon id="repository.gamezone" name="[COLOR red][B]gamezone[/B][/COLOR] [COLOR black][B][/B][/COLOR] Repository" version="1.3" provider-name="gamezone">
	<requires>
        <import addon="xbmc.python" version="2.1.0"/>
		<import addon="xbmc.addon" version="12.0.0"/>
        <import addon="script.module.simple.downloader" version="0.9.4"/>
        <import addon="script.module.t0mm0.common" version="2.0.0"/>
        <import addon="script.module.beautifulsoup4" />
        <import addon="script.module.requests" />
        <import addon="script.module.httplib2" />
        <import addon="script.module.simple.downloader" version="0.9.4"/>
        <import addon="plugin.video.youtube" version="5.2.1" />
        <import addon="script.module.urlresolver" />
        <import addon="script.module.simplejson" />    
        <import addon="script.module.livestreamer"/>
        <import addon="script.module.pyamf"/>
        <import addon="script.common.plugin.cache" version="2.5.2"/>
        <import addon="script.module.metahandler" version="2.5.1"/>
	    <import addon="script.module.addon.common" />
	    <import addon="script.module.addon.signals" version="0.0.1"/>
	    <import addon="script.module.youtube.dl" optional="true"/>	
	</requires>
	<extension point="xbmc.addon.repository" name="[B][COLOR red]gamezone [COLOR red]repositorio[/B][/COLOR]">
		    <info compressed="false">https://raw.githubusercontent.com/gamezone/repository.gamezone/master/addons.xml</info>
		    <checksum>https://raw.githubusercontent.com/gamezone/repository.gamezone/master/addons.xml.md5</checksum>
		    <datadir zip="true">https://raw.githubusercontent.com/gamezone/repository.gamezone/master</datadir>
		<dir minversion="17.0.0">
			<info compressed="true">https://raw.githubusercontent.com/gamezone/repository.gamezone/master/addons.xml</info>
			<checksum>https://raw.githubusercontent.com/gamezone/repository.gamezone/master/addons.xml.md5</checksum>
			<datadir zip="true">https://raw.githubusercontent.com/gamezone/repository.gamezone/master/</datadir>
		</dir>
		<dir minversion="17.9.0">
			<info compressed="true">https://raw.githubusercontent.com/gamezone/repository.gamezone/master/addons.xml</info>
			<checksum>https://raw.githubusercontent.com/gamezone/repository.gamezone/master/addons.xml.md5</checksum>
			<datadir zip="true">https://raw.githubusercontent.com/gamezone/repository.gamezone/master/</datadir>
		</dir>
	</extension>
	<extension point="xbmc.addon.metadata">
		<summary>repositorio gamezone</summary>
		<description>repositorio oficial gamezone - Proibido reproducao sem previa autorizacao</description>
		<disclaimer></disclaimer>
		<platform>all</platform>
		<news>[I]v1.2[/I][CR]- Suporte para uma Skin!</news>
	</extension>
</addon>